{
  "project_info": {
    "project_number": "109375621057",
    "firebase_url": "https://parking-app-1c55b-default-rtdb.firebaseio.com",
    "project_id": "parking-app-1c55b",
    "storage_bucket": "parking-app-1c55b.appspot.com"
  },
  "client": [
    {
      "client_info": {
        "mobilesdk_app_id": "1:109375621057:android:6aa57d40aeb86420859140",
        "android_client_info": {
          "package_name": "com.dominicsilveira.parkingsystem"
        }
      },
      "oauth_client": [
        {
          "client_id": "109375621057-6gtv1e019gk2q7bg58hien9968a9niot.apps.googleusercontent.com",
          "client_type": 3
        }
      ],
      "api_key": [
        {
          "current_key": "AIzaSyCEjTnQNvH44ZqbtKhYSsbx8JkWVAk43e8"
        }
      ],
      "services": {
        "appinvite_service": {
          "other_platform_oauth_client": [
            {
              "client_id": "109375621057-6gtv1e019gk2q7bg58hien9968a9niot.apps.googleusercontent.com",
              "client_type": 3
            }
          ]
        }
      }
    }
  ],
  "configuration_version": "1"
}